date,adjclose_petro,variation,oscilation,MM7_petro,MM14_petro,adjclose_barril,MM7_barril,MM14_barril,adjclose_dolar,MM7_dolar,MM14_dolar,adjclose_b3,MM7_b3,MM14_b3
2022-07-21,17.270732879638672,0.0,0,16.975717272077286,16.94766058240618,103.86000061035156,103.461427961077,104.11285618373326,5.470200061798096,5.42577144077846,5.387307167053223,10.681257247924805,10.064523424421038,10.407537528446742
2022-07-22,17.455224990844727,1.0682355664452636,1,17.06753785269601,16.9557375226702,103.19999694824219,103.97999899727958,103.51071330479213,5.497799873352051,5.4345285551888605,5.399221454347883,10.399914741516113,10.125503676278251,10.382591043199811
2022-07-25,18.270553588867188,4.670971576992566,1,17.3404483795166,17.069237572806223,105.1500015258789,104.8442851475307,103.68071365356445,5.496699810028076,5.4496427944728305,5.411250012261527,10.409616470336914,10.187869889395577,10.345171247209821
2022-07-26,18.455045700073242,1.0097784410783905,1,17.59975596836635,17.211219106401717,104.4000015258789,105.30714198521206,103.94571358816964,5.356299877166748,5.44014276776995,5.409185716084072,10.409616470336914,10.28488404410226,10.31883886882237
2022-07-27,18.657392501831055,1.0964307812958207,1,17.83355794634138,17.333221435546875,106.62000274658203,105.35714285714286,104.086427961077,5.350100040435791,5.431571347372873,5.403621435165405,10.55513858795166,10.369424956185478,10.285576956612724
2022-07-28,19.216814041137695,2.998390794703698,1,18.097966602870397,17.481579508100236,107.13999938964844,105.32714298793248,104.09499958583287,5.243000030517578,5.403885637010847,5.396821430751255,10.923791885375977,10.514946256365095,10.273103850228447
2022-07-29,20.323760986328125,5.760304194133181,1,18.521360669817245,17.714956419808523,110.01000213623047,105.76857212611607,104.30285699026925,5.182700157165527,5.370971407209124,5.391728571483067,10.758868217468262,10.591171945844378,10.295278481074742
2022-08-01,20.044048309326172,-1.3762840312386948,0,18.91754858834403,17.946632930210658,100.02999877929688,105.22142900739398,104.3414284842355,5.171199798583984,5.328257083892822,5.377014262335641,10.54543685913086,10.571769033159528,10.318146228790283
2022-08-02,20.133319854736328,0.4453768222491217,1,19.300133568899973,18.18383571079799,100.54000091552734,104.84142957414899,104.41071428571429,5.184000015258789,5.283428532736642,5.358978543962751,10.47752571105957,10.58285631452288,10.354179995400566
2022-08-03,20.145219802856445,0.05910574215268749,1,19.567943028041295,18.454195703778947,96.77999877929688,103.64571489606585,104.24500002179828,5.277699947357178,5.25214283806937,5.3508928162711005,10.826776504516602,10.642450605119977,10.415160247257777
2022-08-04,20.359466552734375,1.0635116021298074,1,19.840003149850027,18.71987955910819,94.12000274658203,102.17714364188058,103.74214281354632,5.282700061798096,5.2416285787309915,5.340885673250471,11.544681549072266,10.804602759225029,10.544743401663643
2022-08-05,20.752254486083984,1.9292643661965592,1,20.139269147600448,18.986413546970912,94.91999816894531,100.5057144165039,102.93142863682338,5.211100101470947,5.221771444593157,5.3266713959830145,11.709606170654297,10.96952669961112,10.669475827898298
2022-08-08,21.799686431884766,5.04731640845657,1,20.50825091770717,19.303108760288783,96.6500015258789,99.00714329310826,102.16714314052037,5.164599895477295,5.210571425301688,5.307228531156268,12.07826042175293,11.134450776236397,10.824698516300746
2022-08-09,22.156766891479492,1.638007320474344,1,20.770108904157365,19.645734786987305,96.30999755859375,97.0499997820173,101.40928595406669,5.110099792480469,5.200199944632394,5.285585675920759,11.884231567382812,11.295216969081334,10.943194457462855
2022-08-10,22.085350036621094,-0.3223252526335929,0,21.061723436628068,19.98963601248605,97.4000015258789,96.67428588867188,100.94785744803292,5.123700141906738,5.193414279392788,5.260835681642805,12.000648498535156,11.503104346139091,11.03743668964931
2022-08-11,21.57353973388672,-2.3174199271721374,0,21.267469133649552,20.283801351274764,99.5999984741211,96.53999982561383,100.69071469988141,5.093699932098389,5.18051426751273,5.231971400124686,11.787216186523438,11.690202985491071,11.136529650006976
2022-08-12,23.175582885742188,7.425963340355568,1,21.700378145490372,20.634160586765834,98.1500015258789,96.73571450369698,100.19071469988141,5.1570000648498535,5.163271427154541,5.207707132611956,12.708852767944336,11.959071023123604,11.30076081412179
2022-08-15,23.182893753051758,0.03154555959008487,1,22.103724888392858,20.971864019121444,95.0999984741211,96.87571389334542,99.526428767613,5.074900150299072,5.133585725511823,5.187607152121408,12.805866241455078,12.139240264892578,11.471921512058803
2022-08-16,23.39484214782715,0.914244774759787,1,22.481237411499023,21.310253279549734,92.33999633789062,96.50714220319476,98.50642830984933,5.095600128173828,5.11708572932652,5.169428586959839,12.728254318237305,12.284761428833008,11.627144064222064
2022-08-17,23.942989349365234,2.3430258604629994,1,22.787423542567662,21.647837230137416,93.6500015258789,96.07857077462333,97.54285703386579,5.1417388916015625,5.113819871629987,5.162195648465838,12.4857177734375,12.342969621930804,11.7387101990836
2022-08-18,24.425355911254883,2.014646353682803,1,23.111507688249862,21.940808296203613,96.58999633789062,96.11857060023716,96.58428519112724,5.164999961853027,5.121662752968924,5.160931348800659,12.466317176818848,12.426124708993095,11.860670839037214
2022-08-19,23.190202713012695,-5.056848312589157,0,23.269343784877233,22.16553361075265,96.72000122070312,96.02142769949776,96.34785679408482,5.166999816894531,5.127848420824323,5.160631350108555,12.136467933654785,12.445527485438756,11.974315915788923
2022-08-22,23.68718719482422,2.143079506297929,1,23.571293422154017,22.419381277901785,96.4800033569336,95.57571411132812,96.05785696847099,5.168399810791016,5.138519832066128,5.159517049789429,11.9327392578125,12.466316495622907,12.07825974055699
2022-08-23,24.439973831176758,3.178033044451256,1,23.751920700073242,22.72614942278181,100.22000122070312,95.87142835344586,96.30357142857143,5.156099796295166,5.138391222272601,5.150831324713571,12.058857917785645,12.37346008845738,12.166265555790492
2022-08-24,24.58614730834961,0.5980917908610328,1,23.95238549368722,23.02805519104004,101.22000122070312,96.74571446010044,96.81071417672294,5.103499889373779,5.142476899283273,5.1380313123975485,12.087961196899414,12.270902224949428,12.205071244921003
2022-08-25,24.323036193847656,-1.070160001899112,0,24.084984643118723,23.283111027308873,99.33999633789062,97.74571446010044,97.1264283316476,5.110099792480469,5.144548279898507,5.130817004612514,12.388705253601074,12.22239521571568,12.253578322274345
2022-08-26,24.58614730834961,1.0817363112278988,1,24.17686435154506,23.48214394705636,100.98999786376953,98.79428536551339,97.43642807006836,5.108699798583984,5.139828409467425,5.126824140548706,12.058857917785645,12.161415236336845,12.252192429133824
2022-08-29,25.2000675201416,2.497016730976398,1,24.28753743852888,23.69952256338937,105.08999633789062,100.00857107979911,98.06357084001813,5.0625,5.125185557774135,5.12342415537153,11.97154426574707,12.090733391898018,12.258429050445557
2022-08-30,23.701805114746094,-5.945469805578874,0,24.360623495919363,23.8149836403983,99.30999755859375,100.37857055664062,98.1999991280692,5.027200222015381,5.105214187077114,5.116531303950718,11.826022148132324,12.04638399396624,12.245955739702497
2022-08-31,24.2864933013916,2.466850874078541,1,24.446238654000418,24.00876603807722,96.48999786376953,100.37999834333148,97.9778562273298,5.1219000816345215,5.098571368626186,5.118545600346157,11.496175765991211,11.984017780848912,12.225167138235909
2022-09-01,24.739625930786133,1.8657803898291414,1,24.489046096801758,24.1204833984375,92.36000061035156,99.25714111328125,97.56428473336356,5.181700229644775,5.102228573390415,5.1203098978315085,11.738710403442383,11.938282421657018,12.155871255057198
2022-09-02,24.425355911254883,-1.2703103127366666,0,24.466075897216797,24.20923069545201,93.0199966430664,98.08571188790458,97.4157131740025,5.2403998374938965,5.121785708836147,5.13213130405971,12.26258659362793,11.963228906903948,12.117065565926689
2022-09-06,23.460620880126953,-3.9497276298987027,0,24.311551230294363,24.244207790919713,92.83000183105469,97.1557126726423,97.45071356637138,5.153900146484375,5.13694293158395,5.138385670525687,12.020051956176758,11.968772615705218,12.065093926021031
2022-09-08,23.241363525390625,-0.9345760960744909,0,24.031736373901367,24.159636906215123,89.1500015258789,93.02285657610211,96.51571382795062,5.246699810028076,5.194685731615339,5.149949959346226,12.611835479736328,12.060242789132255,12.075488090515137
2022-09-09,23.234054565429688,-0.03144806866840488,0,23.964914866856166,24.162769181387766,92.83999633789062,92.09857068743024,96.23857062203544,5.2133002281188965,5.207742895398821,5.153157132012503,12.563329696655273,12.165572438921247,12.105978216443743
2022-09-12,23.007488250732422,-0.975147553601674,0,23.78219985961914,24.11421925680978,94.0,91.74285670689174,96.06142752511161,5.146299839019775,5.202685696738107,5.152457135064261,12.85437297821045,12.359600612095424,12.171809196472168
2022-09-13,22.4008731842041,-2.636598397519596,0,23.448092324393137,23.968569210597447,93.16999816894531,91.8585706438337,95.55785587855748,5.0920000076293945,5.181485721043178,5.151635714939663,12.495421409606934,12.467702184404645,12.20299230303083
2022-09-14,22.7443790435791,1.5334485247531449,1,23.207952771868026,23.83701433454241,94.0999984741211,92.01285661969867,95.04928425380162,5.189799785614014,5.184171404157366,5.157328571592059,12.398406028747559,12.487104960850306,12.225166933877128
2022-09-15,22.70052719116211,-0.19280303205011506,0,22.969900948660715,23.721120834350586,90.83999633789062,91.72857012067523,94.44214139665876,5.162700176239014,5.185428551265171,5.1611857414245605,12.184974670410156,12.446913174220494,12.21061474936349
2022-09-16,22.495885848999023,-0.9014827736809505,0,22.832081658499582,23.571816444396973,91.3499984741211,92.20714133126395,93.75357001168388,5.246099948883057,5.1852713993617465,5.174300023487636,12.010350227355957,12.44552721296038,12.207149914332799
2022-09-19,22.854005813598633,1.5919353743322207,1,22.776744842529297,23.404240608215332,92.0,92.61428397042411,92.81857027326312,5.250699996948242,5.185842854636056,5.190264293125698,12.825268745422363,12.476017679486956,12.268130234309606
2022-09-20,22.72245216369629,-0.5756262205204643,0,22.70365878513881,23.334286825997488,90.62000274658203,92.2971420288086,92.19785635811942,5.170899868011475,5.179785660334995,5.193764277866909,13.232728958129883,12.5716461454119,12.368609292166573
2022-09-21,22.780921936035156,0.25732157743205697,1,22.67129216875349,23.226746014186315,89.83000183105469,91.70142800467355,91.72214235578265,5.141499996185303,5.179099968501499,5.190892832619803,12.922282218933105,12.581347465515137,12.47047403880528
2022-09-22,23.343685150146484,2.4703267747085533,1,22.805979592459543,23.12703595842634,90.45999908447266,91.31428527832031,91.586427961077,5.170400142669678,5.190299987792969,5.185892854418073,13.03869915008545,12.658958571297783,12.563330377851214
2022-09-23,21.8819637298584,-6.261742355100752,0,22.682777404785156,22.94536508832659,86.1500015258789,90.17857142857143,91.09571402413505,5.115499973297119,5.179685728890555,5.18192856652396,13.07079029083252,12.755013465881348,12.621059213365827
2022-09-26,21.406904220581055,-2.171009490474185,0,22.497974123273575,22.733937535967147,84.05999755859375,89.21000017438617,90.4692851475307,5.258800029754639,5.193414279392788,5.1894214153289795,12.563187599182129,12.809043884277344,12.627978529248919
2022-09-27,21.684629440307617,1.297362836143079,1,22.382080350603378,22.60708100455148,86.2699966430664,88.48428562709263,90.34571347917829,5.389400005340576,5.2138857160295755,5.199578557695661,12.44604778289795,12.871286392211914,12.658406802586146
2022-09-28,21.39228630065918,-1.3481583370063333,0,22.17326327732631,22.475004059927805,89.31999969482422,88.10142844063895,90.35785620553153,5.3780999183654785,5.232085704803467,5.208964279719761,12.54366397857666,12.831057139805385,12.653537409646171
2022-09-29,21.421520233154297,0.13665641944131668,1,21.987415858677455,22.345537321908132,88.48999786376953,87.7971420288086,90.0471420288086,5.374199867248535,5.2611285618373325,5.220457111086164,12.2996244430542,12.697756494794573,12.634701320103236
2022-09-30,21.77964210510254,1.6717855131213932,1,21.84437588282994,22.257834025791713,87.95999908447266,87.52999877929688,89.61571339198521,5.396200180053711,5.2975143023899625,5.238307135445731,12.738896369934082,12.671558516366142,12.626452990940638
2022-10-03,23.519092559814453,7.986588789282245,1,21.869434084211075,22.33770683833531,88.86000061035156,87.30142756870815,89.30785642351422,5.414299964904785,5.332357134137835,5.261328560965402,13.54910945892334,12.744474274771553,12.701716423034668
2022-10-04,22.927093505859375,-2.517099894264574,0,22.0187383379255,22.35075787135533,91.80000305175781,88.1085706438337,89.14357103620257,5.16349983215332,5.3392142568315775,5.259449992861066,14.134804725646973,12.896476336887904,12.825744901384626
2022-10-05,23.789506912231445,3.7615470367042603,1,22.359110151018417,22.428542137145996,93.37000274658203,89.43857138497489,89.32428577968052,5.17579984664917,5.327357087816511,5.260385683604649,14.37884521484375,13.155855996268135,12.98244994027274
2022-10-06,24.60076332092285,3.4101438574764886,1,22.77570070539202,22.578890527997697,94.41999816894531,90.6028573172433,89.54357147216797,5.195199966430664,5.299614225115095,5.2567499705723355,14.476462364196777,13.445915222167969,13.158600807189941
2022-10-07,24.578840255737305,-0.08911538597219382,0,23.23092269897461,22.70209298815046,97.91999816894531,91.83142852783203,89.9664284842355,5.220099925994873,5.277042797633579,5.2545642512185236,14.447176933288574,13.717845644269671,13.274451392037529
2022-10-10,24.301111221313477,-1.129951745217106,0,23.642292840140207,22.81485434940883,96.19000244140625,92.93142918178013,90.36428560529437,5.198400020599365,5.251928533826556,5.256528547831944,14.486224174499512,14.030217034476143,13.363986764635358
2022-10-11,24.118396759033203,-0.7518769846212692,0,23.97640064784459,22.910388265337264,94.29000091552734,93.83571515764508,90.68285696847099,5.186800003051758,5.222014222826276,5.25976426260812,14.007905006408691,14.211503982543945,13.441531249455043
2022-10-13,24.805404663085938,2.8484808128692363,1,24.160159519740514,23.014796801975795,94.56999969482422,94.7442855834961,91.4264281136649,5.291500091552734,5.222842829568045,5.281028543199811,13.568632125854492,14.214292934962682,13.479383604867119
2022-10-14,24.425355911254883,-1.5321207494615963,0,24.374197006225586,23.196467672075546,91.62999725341797,94.49571337018695,91.96714237758091,5.259799957275391,5.234842845371792,5.281099966594151,13.558871269226074,14.132016726902553,13.514246531895228
2022-10-17,24.403430938720703,-0.08976316502342652,0,24.461900438581193,23.410505294799805,91.62000274658203,94.09571402413505,92.34928567068917,5.327400207519531,5.253728594098773,5.276671409606934,13.81267261505127,14.051134926932198,13.603495461600167
2022-10-18,25.002737045288086,2.4558272485221355,1,24.519325256347656,23.647512980869838,90.02999877929688,92.96857125418526,92.39999989100865,5.2773590087890625,5.26190846306937,5.269475630351475,13.666248321533203,13.935390063694545,13.690652642931257
2022-10-19,25.887075424194336,3.5369662821491232,1,24.70621599469866,23.968569346836635,92.41000366210938,92.42857142857143,92.68000030517578,5.239799976348877,5.267822742462158,5.259875638144357,13.91028881072998,13.858691760471888,13.78826870237078
2022-10-20,26.654481887817383,2.9644386283427693,1,25.04241180419922,24.342352322169713,92.37999725341797,92.1557137625558,92.99571446010044,5.269199848175049,5.279594148908343,5.25080418586731,13.666248321533203,13.741552352905273,13.88588469369071
2022-10-21,27.568058013916016,3.4274765870282664,1,25.535220554896764,24.755810601370676,93.5,92.3057141985212,93.32714298793248,5.216599941253662,5.2688084329877585,5.236682755606515,14.281229972839355,13.780598776681083,13.996051379612513
2022-10-24,25.031970977783203,-9.19936774238006,0,25.56758717128209,24.8638733455113,93.26000213623047,92.11857169015067,93.43142863682338,5.163400173187256,5.2505084446498325,5.236675637108939,13.705294609069824,13.800121988568987,14.007207461765834
2022-10-25,24.50575065612793,-2.1021929200953138,0,25.57907213483538,24.976634570530482,93.5199966430664,92.38857160295758,93.44214248657227,5.30620002746582,5.2571370261056085,5.2459899357387,13.519824981689453,13.794543947492327,13.96328033719744
2022-10-26,23.906444549560547,-2.4455733471584917,0,25.508074079241073,24.984987258911133,95.69000244140625,92.97000013078961,93.53285707746234,5.315199851989746,5.255394118172782,5.254561356135777,12.86579704284668,13.659276008605957,13.855205467769078
2022-10-27,24.089160919189453,0.764297548512971,1,25.377563204084122,24.94844423021589,96.95999908447266,93.96000017438617,93.46428571428571,5.383900165557861,5.270614283425467,5.266261373247419,13.54910945892334,13.642541885375977,13.78896597453526
2022-10-28,23.80412483215332,-1.183254526765487,0,25.07999883379255,24.893107414245605,95.7699966430664,94.43999917166573,93.43428530011859,5.339200019836426,5.284814289637974,5.2763185160500665,13.841957092285156,13.632780211312431,13.745735985892159
2022-10-31,21.786949157714844,-8.474059385345623,0,24.384637015206472,24.713524409702845,94.83000183105469,94.78999982561383,93.47285679408482,5.28849983215332,5.287571430206299,5.283582789557321,14.681456565856934,13.777809960501534,13.759681156703405
2022-11-01,21.823495864868164,0.16774586881695974,1,23.56398527962821,24.549602917262487,94.6500015258789,94.95428575788226,93.62999997820172,5.178800106048584,5.282171453748431,5.275489943368094,14.75954818725586,13.846141133989606,13.813369955335345
2022-11-03,21.889270782470703,0.3013949644448344,1,23.11502810886928,24.341307640075684,94.66999816894531,95.53285762241909,93.96071461268834,5.142600059509277,5.255799974714007,5.256468500409808,15.013350486755371,14.033006259373256,13.916564123971122
2022-11-04,20.683351516723633,-5.5091797151725626,0,22.56897108895438,24.07402161189488,98.56999969482422,95.9442858014788,94.45714296613421,5.1149001121521,5.2271857261657715,5.241289922169277,15.228105545043945,14.27704633985247,14.035795143672399
2022-11-07,19.842863082885742,-4.063598847402994,0,21.98845945085798,23.748266765049525,97.91999816894531,96.08142852783203,95.02071435110909,5.078132152557373,5.183504581451416,5.227059432438442,14.935256958007812,14.572683470589775,14.115979739597865
2022-11-08,19.98903465270996,0.7366455597342281,1,21.402727127075195,23.39014516557966,95.36000061035156,96.02285766601562,95.23142841884068,5.153326988220215,5.156951291220529,5.220882790429251,14.964542388916016,14.774888174874443,14.208715030125209
2022-11-09,19.660144805908203,-1.645351326444222,0,20.81072998046875,22.94536440713065,92.6500015258789,95.71142905099052,95.25071443830218,5.14300012588501,5.136165618896484,5.211868524551392,14.876688003540039,14.922706876482282,14.277743543897357
2022-11-10,19.090076446533203,-2.899614244975879,0,20.425462450299943,22.40504973275321,93.66999816894531,95.57142857142857,95.26285716465541,5.185200214385986,5.137079920087542,5.209625686917986,12.992697715759277,14.681455612182617,14.229632786342076
2022-11-11,19.72592544555664,3.3307828850465793,1,20.125809533255442,21.844897406441824,95.98999786376953,95.5471420288086,95.45785685947963,5.341579914093018,5.165534223828997,5.222352811268398,12.280099868774414,14.327248709542411,14.086694921766009
2022-11-14,20.244836807250977,2.6306059156845363,1,19.89089039393834,21.50295925140381,93.13999938964844,95.32857077462333,95.4307141985212,5.279058933258057,5.185028348650251,5.220414161682129,12.172722816467285,13.921444756644112,13.977225508008685
2022-11-16,19.842863082885742,-1.985561692555915,0,19.77082061767578,21.16989585331508,92.86000061035156,93.93285696847099,95.00714274815151,5.331699848175049,5.252152306692941,5.217828444072178,12.104391098022461,13.475199835641044,13.876123087746757
2022-11-17,19.850170135498047,0.036824588174511064,1,19.77186448233468,20.88016196659633,89.77999877929688,93.13571384974888,94.57928575788226,5.39900016784668,5.287248475211007,5.222099883215768,11.372270584106445,12.966201782226562,13.769442626408168
2022-11-18,19.513975143432617,-1.693663025407588,0,19.703998838152206,20.5533629826137,87.62000274658203,92.41714259556362,94.06428582327706,5.422100067138672,5.327119895390102,5.231642757143293,11.587024688720703,12.483699253627233,13.629293714250837
2022-11-21,19.57244300842285,0.29962047486726817,1,19.691470009940012,20.25109999520438,87.44999694824219,91.52857099260602,93.5499997820173,5.38129997253418,5.355134146554129,5.246107033320835,11.762735366821289,12.038848876953125,13.480777876717704
2022-11-22,19.487993240356445,-0.43147280096850205,0,19.748315266200475,20.08688885825021,88.36000061035156,90.43857138497489,92.99285670689174,5.318600177764893,5.351851327078683,5.25869277545384,11.7041654586792,11.8547728402274,13.26811422620501
2022-11-23,19.579879760742188,0.47150324434359625,1,19.72745159694127,19.926630565098353,85.41000366210938,89.33428628104073,92.33142852783203,5.357699871063232,5.363085746765137,5.274057047707694,11.7041654586792,11.772496495928083,13.049872602735247
2022-11-25,19.93071174621582,1.7917984674096665,1,19.74166543143136,19.756243024553573,83.62999725341797,87.87285723005023,91.26428549630302,5.320000171661377,5.3652858052934915,5.308719055993216,11.762735366821289,11.750184331621442,12.612692083631243
2022-11-28,20.348371505737305,2.095558677681364,1,19.812837055751256,19.79235076904297,83.19000244140625,86.49142892020089,90.21214294433594,5.4085001945495605,5.366642951965332,5.326945713588169,11.792020797729492,11.810148647853307,12.388175215039935
2022-11-29,21.200395584106445,4.187185584501973,1,20.053754261561803,19.878876549857004,83.02999877929688,85.52714320591518,89.33142852783203,5.364699840545654,5.358442919594901,5.3427814074925015,12.250815391540527,11.904975891113281,12.194337572370257
2022-11-30,22.26960563659668,5.043349536797326,1,20.439063208443777,20.065266609191895,85.43000030517578,85.21428571428571,88.81571415492466,5.268199920654297,5.342285769326346,5.348709957940238,12.42652416229248,11.99980286189488,12.019325869424003
2022-12-01,21.37581443786621,-4.013502588755591,0,20.708751950945175,20.228533608572825,86.87999725341797,85.13285718645368,88.33071408952985,5.181589126586914,5.322712762015207,5.337282044546945,12.114152908325195,12.058372497558594,11.956572668892997
2022-12-02,21.643115997314453,1.2504859649919542,1,21.00349998474121,20.365475790841238,85.56999969482422,84.73428562709263,87.58642850603376,5.183599948883057,5.297841344560895,5.330463545663016,12.397238731384277,12.15738296508789,11.964939730507988
2022-12-05,21.4008731842041,-1.1192603372842003,0,21.166984013148717,20.448049817766464,82.68000030517578,84.3442851475307,86.83928571428571,5.2179999351501465,5.277798448290143,5.322377817971366,11.8603515625,12.086262702941895,11.942627498081752
2022-12-06,21.417579650878906,0.0780644160217614,1,21.37939371381487,20.560529572623118,79.3499984741211,83.73285675048828,85.80285699026925,5.28000020980835,5.272084168025425,5.318684986659458,11.889636039733887,12.104391370500837,11.92728785106114
2022-12-07,21.175336837768555,-1.1310466311276746,0,21.497531618390763,20.65518433707101,77.16999816894531,82.87285614013672,84.6821425301688,5.234000205993652,5.247155598231724,5.306899275098528,11.957966804504395,12.128097942897252,11.96912329537528
2022-12-08,20.69920539855957,-2.2485188446199844,0,21.425933020455496,20.73984364100865,76.1500015258789,81.88999938964844,83.7085712977818,5.203999996185303,5.224198477608817,5.291320698601859,11.460124969482422,12.015142168317523,11.960059029715401
2022-12-09,20.640731811523438,-0.2824919406819393,0,21.19323675973075,20.816149984087264,76.0999984741211,80.55714198521206,82.88571384974888,5.224299907684326,5.217927047184536,5.280106408255441,11.460124969482422,11.877085140773229,11.938444001334053
2022-12-12,19.972476959228516,-3.2375540673506786,0,20.99275997706822,20.850755964006698,77.98999786376953,79.28714207240513,82.2099996294294,5.235000133514404,5.22555719103132,5.274134976523263,11.17703914642334,11.74321174621582,11.900792121887207
2022-12-13,19.479639053344727,-2.4675853019625937,0,20.683691842215403,20.843595913478307,80.68000030517578,78.58857073102679,81.66142817905971,5.321300029754639,5.245228631155832,5.271534987858364,11.118470191955566,11.560530526297432,11.858956745692662
2022-12-14,17.934297561645508,-7.933111529773839,0,20.18846675327846,20.677725383213588,82.69999694824219,78.59142739432198,81.46785627092633,5.292799949645996,5.255914347512381,5.266856397901263,11.49917221069336,11.508933476039342,11.797598089490618
2022-12-15,18.410430908203125,2.6548759153850687,1,19.758874075753347,20.56913389478411,81.20999908447266,78.85714176722935,81.29499925885882,5.277200222015381,5.255514349256243,5.263799258640835,11.255130767822266,11.418289865766253,11.761340618133545
2022-12-16,18.41878318786621,0.0453671057713434,1,19.36508069719587,20.43130615779332,79.04000091552734,79.12428501674107,80.9985705784389,5.311800003051758,5.26662860597883,5.256892102105277,11.089184761047363,11.294178145272392,11.711138044084821
2022-12-19,18.694438934326172,1.4966012881977742,1,19.07868548801967,20.252309254237584,79.80000305175781,79.64571380615234,80.76785659790039,5.306509017944336,5.281272751944406,5.252735614776611,11.801782608032227,11.342986379350934,11.679064273834229
2022-12-20,19.270809173583984,3.083110658108601,1,18.88298225402832,20.038109506879533,79.98999786376953,80.20142800467355,80.37928499494281,5.291600227355957,5.2908870833260675,5.254407065255301,12.319146156311035,11.465703691755023,11.671394416264125
2022-12-21,19.68846893310547,2.167318226024495,1,18.842409678867885,19.917584827968053,82.19999694824219,80.8028564453125,80.04499925885882,5.198400020599365,5.285658495766776,5.255607843399048,12.260577201843262,11.620494842529297,11.681853294372559
2022-12-22,20.039302825927734,1.781925725226663,1,18.922361646379745,19.803026744297572,80.9800033569336,80.84571402413505,79.71714237758091,5.199900150299072,5.268315655844552,5.256772143500192,12.026299476623535,11.750184740339007,11.65535763331822
2022-12-23,20.98321533203125,4.710306113455398,1,19.35792132786342,19.77319404057094,83.91999816894531,81.01999991280692,79.80571365356445,5.165599822998047,5.25014420918056,5.25302927834647,13.057395935058594,11.97278812953404,11.74086080278669
2022-12-27,20.97486114501953,-0.03981366477694426,0,20.069136210850306,19.717108454023087,84.33000183105469,81.46571459089007,80.16142817905971,5.21750020980835,5.22054420198713,5.24358640398298,12.666162490844727,12.46531799861363,11.87974807194301
2022-12-28,20.715911865234375,-1.234569697481136,0,20.35791805812291,19.71830177307129,83.26000213623047,82.06857190813336,80.59642846243722,5.292300224304199,5.218514374324253,5.2498935631343295,13.10629940032959,12.651677540370397,11.997331959860665
2022-12-29,20.465316772460938,-1.2096744493009237,0,20.528562000819615,19.705772127423966,82.26000213623047,82.42000034877232,81.03285707746234,5.2667999267578125,5.214971474238804,5.252929278782436,12.920463562011719,12.737580026899066,12.101641859327044
2023-01-03,18.661027908325195,-8.816325123115975,0,20.254100254603795,19.58823095049177,82.0999984741211,83.25142996651786,82.02714320591518,5.360130786895752,5.267304420471191,5.2587243148258755,11.636853218078613,12.650407791137695,12.20029626573835
2023-01-04,19.25410270690918,3.1781464638365176,1,20.007084165300643,19.68250274658203,77.83999633789062,82.80285753522601,81.82428577968052,5.478499889373779,5.312190123966762,5.273102862494333,11.725309371948242,12.46010971069336,12.2164489201137
2023-01-05,19.947418212890625,3.6008715468867525,1,19.880592891148158,19.79228755405971,78.69000244140625,82.05571528843471,81.53785760062081,5.430099964141846,5.3425615174429755,5.281552859715053,12.088961601257324,12.311981064932686,12.276008265359062
2023-01-06,19.830472946166992,-0.5862676837449565,0,19.717108862740652,19.89312253679548,78.56999969482422,81.23285784040179,81.34928621564593,5.349800109863281,5.350775786808559,5.284645080566406,12.373985290527344,12.270241464887347,12.367779731750488
2023-01-09,19.93906593322754,0.5476066423395043,1,19.606130872453964,19.982024465288436,79.6500015258789,80.71714346749442,81.3928576878139,5.224400043487549,5.344718660627093,5.279845067432949,12.206901550292969,12.141756057739258,12.396716799054827
2023-01-10,20.122835159301758,0.9216541371076747,1,19.557204927716935,20.042883464268275,80.0999984741211,80.4085715157645,81.41428593226841,5.253699779510498,5.340304374694824,5.283795050212315,12.639351844787598,12.101597240992955,12.41958863394601
2023-01-11,20.28154754638672,0.7887178214626367,1,19.71949577331543,20.085246222359793,82.66999816894531,79.94571358816964,81.60571452549526,5.198299884796143,5.32784720829555,5.283680745533535,13.219228744506836,12.270084517342704,12.488063744136266
2023-01-12,20.57390785217285,1.4415088647326657,1,19.99276433672224,20.123432295663015,84.02999877929688,80.22142791748047,81.73642894199916,5.1585001945495605,5.299042837960379,5.283173629215786,13.14060115814209,12.484905651637487,12.567656721387591
2023-01-13,20.523788452148438,-0.24360661272778694,0,20.17414801461356,20.090616089957102,85.27999877929688,81.28428540910993,82.04357147216797,5.107699871063232,5.246071406773159,5.279130765369961,12.934205055236816,12.657605034964424,12.558857372828893
2023-01-17,21.31734275817871,3.8665098691718525,1,20.405651092529297,20.061379977634974,85.91999816894531,82.31714194161552,82.18642861502511,5.145999908447266,5.167042800358364,5.258909293583462,12.786778450012207,12.807839257376534,12.53904036113194
2023-01-18,20.941448211669922,-1.7633274032926582,0,20.54884856087821,20.077489716666086,84.9800033569336,83.23285675048828,82.23285729544503,5.099599838256836,5.1492141996111185,5.246966430119106,12.85557746887207,12.900507245744977,12.521131651742119
2023-01-19,21.626407623291016,3.270831151206588,1,20.76364462716239,20.160424777439662,86.16000366210938,84.16285705566406,82.44000026157924,5.185299873352051,5.1394427844456265,5.239873579570225,12.747465133666992,12.915952001299177,12.508774621146065
2023-01-20,22.027362823486328,1.8540074115845906,1,21.01304680960519,20.36627129146031,87.62999725341797,85.23857116699219,82.82357134137835,5.172999858856201,5.135828495025635,5.231837851660592,12.550896644592285,12.82047598702567,12.545280252184186
2023-01-23,22.378196716308594,1.5927185457180304,1,21.270802361624582,20.63178334917341,88.19000244140625,86.02714320591518,82.98642839704242,5.206299781799316,5.142657007489886,5.220849922725132,12.432955741882324,12.719383784702845,12.602144718170166
2023-01-24,22.219486236572266,-0.7092192536705344,0,21.513044902256556,20.84359645843506,86.12999725341797,86.32714298793248,83.27428545270648,5.205900192260742,5.156685624803815,5.201378515788487,12.619694709777832,12.674453735351562,12.666029385157994
2023-01-25,22.503494262695312,1.2781934879105394,1,21.85910551888602,21.026173319135392,86.12000274658203,86.4471435546875,83.86571448189872,5.138400077819824,5.164928504398891,5.1805428096226285,12.885063171386719,12.696918760027204,12.722893783024379
2023-01-26,21.9271240234375,-2.5612477445926207,0,21.946217128208705,21.175934110369003,87.47000122070312,86.66857256208148,84.49285725184849,5.072199821472168,5.15438563483102,5.160714217594692,12.894891738891602,12.712363515581403,12.760101386478969
2023-01-27,21.4008731842041,-2.3999993737021663,0,22.01184926714216,21.280348914010183,86.66000366210938,86.90857260567802,85.07071467808315,5.062745094299316,5.149120671408517,5.149167435509818,12.491925239562988,12.660413197108678,12.780460221426827
2023-01-30,21.509464263916016,0.5074142479011723,1,21.99514307294573,21.37939385005406,84.9000015258789,86.72857230050224,85.44571467808315,5.1072001457214355,5.137963567461286,5.138703175953457,12.649181365966797,12.646372658865792,12.781162330082484
2023-01-31,21.776765823364258,1.242716025692303,1,21.95934350149972,21.486195155552455,84.48999786376953,86.28000095912388,85.75928606305804,5.1149001121521,5.1296636036464145,5.132746049336025,12.73763656616211,12.673049790518624,12.746762888772148
2023-02-01,21.476051330566406,-1.3808960211860954,0,21.83046558925084,21.55063397543771,82.83999633789062,85.51571437290737,85.77142878941127,5.072199821472168,5.110506466456822,5.126581736973354,12.688494682312012,12.709555353437151,12.71446956907
2023-02-02,20.482023239135742,-4.628542166016736,0,21.58225658961705,21.547650745936803,82.16999816894531,84.9500002179827,85.63857160295758,5.053500175476074,5.088735035487583,5.1227103301457,12.776949882507324,12.732020378112793,12.703237056732178
2023-02-03,20.70755958557129,1.1011429085999946,1,21.325694492885045,21.592400005885533,79.94000244140625,84.06714303152901,85.25714329310826,5.049200057983398,5.075992175510952,5.120460339954922,11.902219772338867,12.591614178248815,12.644266469138008
2023-02-06,21.53452491760254,3.9935431725497406,1,21.269608906337194,21.60791301727295,80.98999786376953,83.14142826625279,84.90500041416713,5.149799823760986,5.0870778901236395,5.120731762477329,11.902219772338867,12.449803897312709,12.581083706447057
2023-02-07,21.4008731842041,-0.6206393403607846,0,21.269608906337194,21.640729086739675,83.69000244140625,82.71714237758091,84.81285749162946,5.145699977874756,5.098928587777274,5.1240246295928955,11.685995101928711,12.334671020507812,12.497542108808245
2023-02-08,21.760061264038086,1.67838048822746,1,21.305408477783203,21.650275775364467,85.08999633789062,82.74428449358258,84.73642839704242,5.2093000411987305,5.113514287131173,5.12573892729623,11.91204833984375,12.229366302490234,12.437869480678014
2023-02-09,21.659822463989258,-0.4606549532766624,0,21.288702283586776,21.62402289254325,84.5,82.74571337018695,84.51285716465541,5.19950008392334,5.1255999973842075,5.127631800515311,11.450112342834473,12.045434270586286,12.359242030552455
2023-02-10,22.31972312927246,3.0466577756134816,1,21.40922682625907,21.619846207754954,86.38999938964844,83.2528566632952,84.38428551810128,5.2895002365112305,5.156642913818359,5.133574690137591,11.597538948059082,11.889583451407296,12.299569402422224
2023-02-13,22.38654899597168,0.29940275832354146,1,21.68130193437849,21.631779261997767,86.61000061035156,83.88714272635323,84.41857147216797,5.213482856750488,5.179497582571847,5.134116309029715,11.71548080444336,11.737945011683873,12.234982694898333
2023-02-14,22.30301856994629,-0.3731277475613637,0,21.909224646432058,21.617459569658553,85.58000183105469,84.69285692487445,84.37999997820172,5.158400058746338,5.195097582680838,5.135544879095895,11.243715286254883,11.643872942243304,12.117743560246058
2023-02-15,22.336429595947266,0.14980495082399514,1,22.02378245762416,21.646695681980678,85.37999725341797,85.31999969482422,84.23071398053851,5.191500186920166,5.201054777417864,5.144066333770752,11.391141891479492,11.57086181640625,12.01033285685948
2023-02-16,22.428316116333008,0.41137514834694855,1,22.170560019356863,21.72008446284703,85.13999938964844,85.52714211600167,84.1221422467913,5.2179999351501465,5.21138334274292,5.155155965260097,11.17491626739502,11.49785055433001,11.91626078741891
2023-02-17,22.08583641052246,-1.5269969623851631,0,22.217099325997488,21.761253901890345,83.0,85.22857121058873,83.98642785208565,5.216800212860107,5.212454795837402,5.162984541484287,10.840750694274902,11.34480803353446,11.787087168012347
2023-02-22,21.517818450927734,-2.571865285229147,0,22.19681303841727,21.742757661002024,80.5999984741211,84.1942858014788,83.723571232387,5.166500091552734,5.183295590536935,5.181396586554391,10.663840293884277,11.232483455113002,11.638958862849645
2023-02-23,22.177719116210938,3.0667637929380875,1,22.176526750837052,21.79287678854806,82.20999908447266,83.56571415492466,83.72642844063895,5.151199817657471,5.182266984667097,5.188682283673968,10.595039367675781,11.089269229343959,11.489426340375628
2023-02-24,21.634761810302734,-2.448210760823122,0,22.069128581455775,21.87521525791713,83.16000366210938,83.22000013078961,83.95642852783203,5.136199951171875,5.1743669509887695,5.187710864203317,10.24664306640625,10.87943526676723,11.30869013922555
2023-02-27,21.843591690063477,0.9652515779549509,1,22.003496170043945,21.956360408238,82.44999694824219,82.80142865862165,84.06071417672294,5.207799911499023,5.172909804752895,5.192146573747907,10.414297103881836,10.760946954999651,11.202409948621478
2023-02-28,21.083452224731445,-3.4799197683127114,0,21.8244994027274,21.92414093017578,83.88999938964844,82.62285723005023,84.07499967302594,5.199699878692627,5.170466899871826,5.191460847854614,10.404435157775879,10.61998885018485,11.09542533329555
2023-03-01,21.13357162475586,0.23771913389791788,1,21.639535903930664,21.905047961643763,84.30999755859375,82.80999973842076,84.01928547450474,5.235899925231934,5.180571351732526,5.194060836519514,10.355125427246094,10.502875873020717,11.000363213675362
2023-03-02,20.582260131835938,-2.608700047057433,0,21.424739292689733,21.820919309343612,84.75,83.0528564453125,84.03714261736188,5.178299903869629,5.18222849709647,5.186117955616543,10.443883895874023,10.446180616106306,10.895494324820381
2023-03-03,21.467700958251953,4.301961109929064,1,21.417579650878906,21.807196344648087,85.83000183105469,83.7999997820173,83.99714279174805,5.1996002197265625,5.186957086835589,5.185126338686262,10.374849319458008,10.404896191188268,10.818689823150635
2023-03-06,21.68488121032715,1.0116605056943229,1,21.34717423575265,21.76185049329485,86.18000030517578,84.36714281354632,83.9664284842355,5.194399833679199,5.193128517695835,5.187697751181466,10.808778762817383,10.43543039049421,10.762349809919085
2023-03-07,20.966506958007812,-3.31278850620228,0,21.251709256853378,21.660418919154576,83.29000091552734,84.38571384974888,83.80285699026925,5.152200222015381,5.19541427067348,5.184890610831125,10.897537231445312,10.528415271214076,10.703925268990654
2023-03-08,21.233810424804688,1.2749070092230363,1,21.16459764753069,21.584046908787318,82.66000366210938,84.41571480887276,83.60857173374721,5.190000057220459,5.19287143434797,5.182890619550433,11.489256858825684,10.681980950491768,10.72146395274571
2023-03-09,21.141923904418945,-0.4327368406680465,0,21.172950744628906,21.498725073678152,81.58999633789062,84.08714294433594,83.35500008719308,5.144400119781494,5.184971468789237,5.177719184330532,11.420223236083984,10.827093533107213,10.723541191646031
2023-03-10,20.866268157958984,-1.3038347300188047,0,21.134764535086497,21.38715021950858,82.77999877929688,83.86857169015067,83.33928571428571,5.163700103759766,5.174657208578927,5.177614280155727,11.104639053344727,10.93416690826416,10.718521390642438
2023-03-13,20.20636749267578,-3.162523649594229,0,21.081065586635045,21.25290243966239,80.7699966430664,83.2999997820173,83.1764281136649,5.21560001373291,5.179985795702253,5.181107146399362,11.19339656829834,11.04124014718192,10.743710381644112
2023-03-14,19.847179412841797,-1.7775984721854599,0,20.84956250871931,21.133571079799108,77.44999694824219,82.1028562273298,82.95142800467355,5.245699882507324,5.186571461813791,5.186764274324689,11.282154083251953,11.170855113438197,10.787875652313232
2023-03-15,19.49634552001953,-1.7676763308506427,0,20.536914552961075,20.942044394356863,73.69000244140625,80.31857081821987,82.3428568158831,5.251699924468994,5.194757189069476,5.193942853382656,11.380775451660156,11.252568926130023,10.843999658312116
2023-03-16,19.429521560668945,-0.34275120576812146,0,20.317345210484095,20.784527233668737,74.69999694824219,79.09142739432198,81.73857062203544,5.287099838256836,5.214028562818255,5.204721416745867,11.69636058807373,11.36668654850551,10.947550909859794
2023-03-17,19.638349533081055,1.074797296269181,1,20.08942222595215,20.62700993674142,72.97000122070312,77.70714133126395,81.06142807006836,5.229599952697754,5.2196856907435825,5.206278562545776,11.144086837768555,11.31737654549735,10.99967874799456
2023-03-20,19.153865814208984,-2.4670286983941914,0,19.805413927350724,20.489182335989817,73.79000091552734,76.59285627092633,80.33999960763114,5.2778000831604,5.238742828369141,5.211857148579189,11.02574348449707,11.261022295270648,11.04405791418893
2023-03-21,19.546464920043945,2.049712103254464,1,19.616870607648575,20.375817571367538,75.31999969482422,75.52714211600167,79.69785690307617,5.2357001304626465,5.249028546469552,5.21184287752424,11.015880584716797,11.248342514038086,11.091254711151123
2023-03-22,19.487993240356445,-0.29914196723900277,0,19.5142457144601,20.297655650547572,76.69000244140625,74.9442858014788,79.12214279174805,5.240900039672852,5.252642835889544,5.216314315795898,10.887674331665039,11.204667908804756,11.12295402799334
2023-03-23,19.045272827148438,-2.2717598869605893,0,19.39968763078962,20.124625069754465,75.91000366210938,74.72428676060268,78.41357149396624,5.236100196838379,5.251271452222552,5.218921457018171,10.276228904724121,11.06096431187221,11.115909712655204
2023-03-24,19.03692054748535,-0.04385487012388278,0,19.334055491856166,19.93548502240862,74.98999786376953,74.91000039236886,77.61428560529437,5.2967000007629395,5.2577000345502585,5.226228611809867,10.414297103881836,10.922895976475306,11.087732451302665
2023-03-27,19.362695693969727,1.7112806962227278,1,19.324508939470565,19.82092707497733,78.12000274658203,75.39857264927456,77.24500002179828,5.245100021362305,5.251700060708182,5.232864311763218,10.443883895874023,10.74397073473249,11.055328641619
2023-03-28,19.705175399780273,1.7687604619908814,1,19.334055491856166,19.71173885890416,78.6500015258789,76.21000126429966,76.9585712977818,5.1971001625061035,5.247057233537946,5.233371462140765,10.532641410827637,10.656621388026647,10.986998966761998
2023-03-29,19.96412467956543,1.3141181163403681,1,19.449806758335658,19.62761034284319,78.27999877929688,76.85142953055245,76.7221429007394,5.164400100708008,5.230857236044748,5.234800032206944,10.443607330322266,10.573459080287389,10.917240687779017
2023-03-30,20.02259635925293,0.2928837633805692,1,19.517825535365514,19.567348071507045,79.2699966430664,77.41571480887276,76.47142846243722,5.134200096130371,5.216357231140137,5.232692888804844,10.711392402648926,10.529960768563408,10.889151641300746
2023-03-31,19.58823013305664,-2.169380126346887,0,19.53214509146554,19.52319540296282,79.7699966430664,77.85571398053851,76.39999989100865,5.092700004577637,5.195185797555106,5.2239143167223245,10.265085220336914,10.441019466945104,10.822843687874931
2023-04-03,20.45696258544922,4.4349716461954625,1,19.733815056937082,19.566751343863352,84.93000030517578,79.144284929548,76.93428584507534,5.062300205230713,5.1703572273254395,5.210814339773996,10.493197441101074,10.47201497214181,10.766489642007011
2023-04-04,20.273193359375,-0.8983211721027007,0,19.910425458635604,19.622240475245885,84.94000244140625,80.56571415492466,77.73785727364677,5.0630998611450195,5.136985778808594,5.197342906679426,10.741146087646484,10.51870768410819,10.720801830291748
2023-04-05,20.34001922607422,0.32962674165151196,1,20.0500431060791,19.68727602277483,84.98999786376953,81.5471420288086,78.47285733904157,5.070700168609619,5.112071514129639,5.181885787418911,10.7014741897583,10.555506297520228,10.64973851612636
2023-04-06,20.047657012939453,-1.4373743204725287,0,20.098969050816127,19.716512271336146,85.12000274658203,82.47142791748047,79.34071459089007,5.033199787139893,5.088657174791608,5.167857204164777,10.612213134765625,10.566873686654228,10.611747537340436
2023-04-10,20.473669052124023,2.124996646289423,1,20.171761104038783,19.81078393118722,84.18000030517578,83.31428527832031,80.08285740443638,5.0543999671936035,5.062100001743862,5.139228616441999,10.820489883422852,10.620714051382881,10.597086565835136
2023-04-11,21.434284210205078,4.691954117434549,1,20.373430797031947,19.94562816619873,85.61000061035156,84.22000013078961,80.8178574698312,5.065299987792969,5.058185713631766,5.126685755593436,11.53458309173584,10.738312721252441,10.634136744907924
2023-04-12,21.59299659729004,0.740460402262455,1,20.659826006208146,20.095985548836843,87.33000183105469,85.3000008719308,81.57785742623466,5.004000186920166,5.049857139587402,5.110107183456421,11.7626953125,10.952257020132881,10.696638243538994
2023-04-13,21.74335479736328,0.6963285498415406,1,20.84359632219587,20.288705689566477,86.08999633789062,85.46571459089007,82.30499976021903,4.916900157928467,5.028971467699323,5.082978623253958,11.643680572509766,11.116611753191266,10.79431336266654
2023-04-14,21.968889236450195,1.0372568593429055,1,21.08583859034947,20.498132024492538,86.30999755859375,85.66142817905971,83.11357116699219,4.926700115203857,5.008400031498501,5.060235772814069,11.871793746948242,11.278132847377233,10.898420265742711
2023-04-17,22.311370849609375,1.5589391410419706,1,21.367460250854492,20.708751678466797,84.76000213623047,85.62857164655414,83.58785683768136,4.908699989318848,4.9906143460954935,5.039635760443551,11.92138385772705,11.452405657087054,11.003955977303642
2023-04-18,22.87938690185547,2.5458590423458327,1,21.77199309212821,20.935481071472168,84.7699966430664,85.57857077462333,84.0249993460519,4.939799785614014,4.9736857414245605,5.02359288079398,11.792449951171875,11.621010916573661,11.093942301613945
2023-04-19,22.144306182861328,-3.212851472582634,0,22.010655539376394,21.09120832170759,83.12000274658203,85.42714255196708,84.3707139151437,4.984300136566162,4.963671479906354,5.012885740825108,11.494911193847656,11.71735681806292,11.1690354347229
2023-04-20,22.29466438293457,0.67899259896258,1,22.133566992623464,21.253498894827707,81.0999984741211,84.78285653250558,84.5014283316476,5.0742998123168945,4.964957169124058,5.011571441377912,11.564336776733398,11.721607344491142,11.22996003287179
2023-04-24,22.720678329467773,1.9108336381116198,1,22.29466438293457,21.47724519457136,82.7300033569336,83.49285779680524,84.47928619384766,5.047900199890137,4.989914281027658,5.009442874363491,11.6635160446167,11.70743887765067,11.329847948891777
2023-04-25,22.62879180908203,-0.4044180330063929,0,22.421155384608678,21.632375853402273,80.7699966430664,82.70142909458706,84.18142863682338,5.033400058746338,5.005157130105155,5.006778580801828,11.703187942504883,11.715939930507115,11.41627584184919
2023-04-26,22.344783782958984,-1.2550737508180254,0,22.474854605538503,21.780346597943986,77.69000244140625,81.6914291381836,83.66000039236886,5.053100109100342,5.025785718645368,5.008200032370431,11.157700538635254,11.613926615033831,11.446029731205531
2023-04-27,21.80182647705078,-2.4299062867741195,0,22.402062552315847,21.88476140158517,78.37000274658203,80.77714429582868,83.17785753522601,5.043000221252441,5.040528638022287,5.007107189723423,11.385812759399414,11.537416458129883,11.494911057608467
2023-04-28,22.243404388427734,2.0254170532077787,1,22.311207907540457,22.041600499834335,79.54000091552734,80.26571546282086,82.84642900739398,4.976200103759766,5.039371490478516,5.001521485192435,11.584173202514648,11.507662636893135,11.564336776733398
2023-05-02,21.342405319213867,-4.050634756623039,0,22.196650641305105,22.10365309034075,75.31999969482422,79.10428619384766,81.53857149396624,4.9878997802734375,5.018214362008231,4.99470717566354,11.237044334411621,11.47082451411656,11.59409066608974
2023-05-03,21.26732063293457,-0.3518098600240771,0,22.049887248447963,22.091727120535715,72.33000183105469,77.61857169015067,80.55571474347796,5.038400173187256,5.016857215336391,5.0033857481820245,11.415567398071289,11.44957174573626,11.5855895451137
2023-05-04,21.605195999145508,1.5887067865413274,1,21.890532629830496,22.092598506382533,72.5,76.43714359828404,79.56928634643555,4.9944000244140625,5.011285781860352,5.008221455982754,11.732941627502441,11.459489686148506,11.58346428189959
2023-05-05,22.524965286254883,4.257167059006317,1,21.87570026942662,22.14842782701765,75.30000305175781,76.09571511404855,78.89357212611607,4.982600212097168,5.001214368002755,5.013500043324062,12.387526512145996,11.557252338954381,11.636596134730748
2023-05-08,23.003620147705078,2.124997110394111,1,21.96981975010463,22.22233717782157,77.01000213623047,75.90142931256976,78.33928680419922,4.951700210571289,4.988171509334019,5.014350073678153,12.337936401367188,11.7258574622018,11.669892038617816
2023-05-09,23.078704833984375,0.32640378252284385,1,22.152230943952286,22.27714674813407,77.44000244140625,75.60142953055245,77.93357249668666,5.007999897003174,4.99271433694022,5.016042913709368,12.456953048706055,11.878877503531319,11.708146980830602
2023-05-10,23.02239227294922,-0.2440022585333046,0,22.263514927455358,22.28736141749791,76.41000366210938,75.18714468819755,77.59857286725726,4.985899925231934,4.992700031825474,5.0097286360604425,12.44703483581543,12.002143451145717,11.754903044019427
2023-05-11,23.86707878112793,3.6689780026517793,1,22.624182564871653,22.41041660308838,74.9800033569336,75.1385737827846,77.12142998831612,4.94290018081665,4.986271517617362,5.002242939812796,12.67514705657959,12.207586697169713,11.839205605643135
2023-05-12,24.636680603027344,3.224532960053539,1,23.105519703456334,22.57770347595215,74.16999816894531,75.40143040248326,76.51000104631696,4.929500102996826,4.9707143647330145,4.9937857900347025,12.724737167358398,12.394610949925013,11.922091347830635
2023-05-15,24.08294105529785,-2.2476223832745057,0,23.459483282906668,22.67500795636858,75.2300033569336,75.7914308820452,76.11428724016461,4.920199871063232,4.9601143428257535,4.985700062343052,12.893342971801758,12.560382570539202,12.009936128343854
2023-05-16,24.68360710144043,2.49415569619742,1,23.767860685076034,22.821780477251327,74.91000366210938,75.73571668352399,75.91571589878627,4.887899875640869,4.946585723331997,4.973900045667376,12.704901695251465,12.605721882411412,12.081487110682897
2023-05-17,24.08294105529785,-2.433461380559432,0,23.922049386160715,22.945934568132675,76.95999908447266,75.72857339041573,75.81500135149274,4.9394001960754395,4.944828578404018,4.9665000438690186,13.21071720123291,12.7304048538208,12.2281311580113
2023-05-18,24.223722457885742,0.5845689787830954,1,24.085623332432338,23.118927138192312,75.86000061035156,75.50285884312221,75.55214418683734,4.937699794769287,4.93478570665632,4.96375002179827,13.379322052001953,12.862171854291644,12.370524678911481
2023-05-19,24.186182022094727,-0.15497385200099467,0,24.251879010881698,23.257696969168528,75.58000183105469,75.38428715297154,75.28571592058454,4.964399814605713,4.931714262281146,4.96220714705331,13.448748588562012,13.005273818969727,12.503708635057722
2023-05-22,24.045400619506836,-0.582073691743834,0,24.27735355922154,23.450768062046595,75.98999786376953,75.52857208251953,75.33357293265206,4.996799945831299,4.93941422871181,4.962842873164585,13.280143737792969,13.091701916285924,12.649644306727819
2023-05-23,24.636680603027344,2.459014898012679,1,24.27735355922154,23.691436631338938,76.83999633789062,75.91000039236886,75.65571539742606,4.966100215911865,4.9446428162711005,4.9576785905020575,13.101619720458984,13.14554228101458,12.770076615469796
2023-05-24,25.012096405029297,1.5238083735835017,1,24.410090037754603,23.934786660330637,78.36000061035156,76.35714285714286,76.07428686959403,4.971199989318848,4.951928547450474,4.956021445138114,12.754490852355957,13.125706263950892,12.843044417245048
2023-05-25,24.824390411376953,-0.7504608594687823,0,24.430201939174108,24.09903131212507,76.26000213623047,76.5499997820173,76.14285823277065,4.958600044250488,4.962028571537563,4.95430714743478,13.071866035461426,13.178129741123744,12.891925811767578
2023-05-26,25.152877807617188,1.3232445622902045,1,24.5830500466483,24.252549716404506,76.94999694824219,76.54857090541294,76.13857214791435,5.035200119018555,4.975714274815151,4.960271426609585,13.547927856445312,13.226302691868373,12.978353772844587
2023-05-30,24.768075942993164,-1.5298522402374615,0,24.78416579110282,24.51802240099226,73.54000091552734,76.21714237758091,75.86000061035156,5.018099784851074,4.991257190704346,4.961485726492746,13.240471839904785,13.202216284615654,13.10374505179269
2023-05-31,24.514671325683594,-1.0231098204511846,0,24.851204463413783,24.564279011317662,72.66000366210938,75.7999997820173,75.59214346749442,5.034800052642822,4.996685777391706,4.968050003051758,13.21071720123291,13.192298207964216,13.142000062125069
2023-06-01,25.303043365478516,3.215919272672263,1,24.94639914376395,24.611876351492747,74.27999877929688,75.5557141985212,75.54214314052037,5.054800033569336,5.009357179914202,4.976999998092651,14.182677268981934,13.346735000610352,13.246138640812465
2023-06-02,25.509523391723633,0.8160284249712824,1,25.017460141863143,24.713775089808873,76.12999725341797,75.45428575788226,75.68214307512555,5.0131001472473145,5.015342916761126,4.9836357321058005,14.301692962646484,13.567763873508998,13.346735068729945
2023-06-05,25.781700134277344,1.0669613005863443,1,25.154218673706055,24.79221030644008,76.70999908447266,75.21857125418526,75.78785705566406,4.956600189208984,5.015057223183768,4.988542897360666,14.341364860534668,13.749120848519462,13.463625294821602
2023-06-06,26.326051712036133,2.1113874373050345,1,25.321814945765905,24.952432496207102,76.29000091552734,75.22285679408482,75.88642828805106,4.925600051879883,4.999400070735386,4.9875571727752686,14.29177474975586,13.855384690420967,13.540843691144671
2023-06-07,27.095657348632812,2.9233614102673,1,25.614103317260742,25.157570702689036,76.94999694824219,75.22285679408482,75.88571384974888,4.9120001792907715,4.9878572055271695,4.9857214859553745,14.619067192077637,14.026823725019183,13.629396915435791
2023-06-09,28.41899871826172,4.883961118203617,1,26.135663713727677,25.459914752415248,74.79000091552734,75.87285614013672,75.836427961077,4.922100067138672,4.958085809435163,4.9773857934134345,14.579395294189453,14.218098504202706,13.71015739440918
2023-06-12,28.916423797607422,1.750325844612055,1,26.76448549543108,25.807844979422434,71.83999633789062,75.52428436279297,75.53999928065709,4.877900123596191,4.932814393724714,4.971085786819458,14.777753829956055,14.441960879734584,13.8171295438494
2023-06-13,28.860000610351562,-0.19512505298295846,0,27.27262224469866,26.109510694231307,74.29000091552734,75.2614277430943,75.35785675048828,4.860599994659424,4.911028657640729,4.963185787200928,14.490133285522461,14.485883167811803,13.916309084211077
2023-06-14,30.100000381469727,4.29660341266036,1,27.928404671805247,26.472932406834193,73.19999694824219,74.75999886648995,74.98928506033761,4.861000061035156,4.89737149647304,4.956214359828404,15.095129013061523,14.599231175013951,14.083497524261475
2023-06-15,29.389999389648438,-2.3588072519041603,0,28.443875994001115,26.799047333853586,75.66999816894531,74.67142704554966,74.94714191981724,4.815000057220459,4.88157149723598,4.940485783985683,14.589313507080078,14.634652410234724,14.191886629377093
2023-06-16,29.639999389648438,0.850629483469989,1,28.917297090802872,27.11955601828439,76.61000061035156,74.62285614013672,74.92285646711078,4.809199810028076,4.866885730198452,4.927371467862811,14.500051498413086,14.664406231471471,14.25989546094622
2023-06-20,30.56999969482422,3.1376529160813016,1,29.699489048549108,27.917576381138392,75.9000015258789,74.61428506033761,75.09142793927874,4.776899814605713,4.829657145908901,4.893871477672032,14.609148979187012,14.677157946995326,14.447628225599017
2023-06-21,31.850000381469727,4.187113835209577,1,30.118571417672293,28.441528456551687,77.12000274658203,74.94714246477399,75.40999930245536,4.789299964904785,4.816999980381557,4.874907187053135,14.519887924194336,14.640319960457939,14.54114042009626
2023-06-22,31.450000762939453,-1.2558857574237026,0,30.488571439470565,28.88059684208461,74.13999938964844,75.27571432931083,75.3999993460519,4.76230001449585,4.802957126072475,4.856992891856602,14.083497047424316,14.58222906930106,14.534056118556432
2023-06-23,30.15999984741211,-4.101751619184302,0,30.497142791748047,29.212773731776647,73.8499984741211,75.21285683768136,75.23714229038784,4.7697367668151855,4.789919512612479,4.843645504542759,14.31161117553711,14.470297949654716,14.534764562334333
2023-06-26,30.84000015258789,2.254642933077222,1,30.704285757882253,29.574080875941686,74.18000030517578,75.3528573172433,75.05642809186664,4.7855000495910645,4.78570522580828,4.833638361522129,13.934728622436523,14.376785823277064,14.505719116755895
2023-06-27,30.600000381469727,-0.7782093707221494,0,30.841428756713867,29.87936292375837,72.26000213623047,74.86571502685547,74.76857103620257,4.767300128936768,4.77971955708095,4.823302643639701,13.944646835327148,14.297442299979073,14.480924265725273
2023-06-28,30.889999389648438,0.9477091652401626,1,30.90857151576451,30.150387355259486,74.02999877929688,74.4971433367048,74.55999973842076,4.810500144958496,4.780219554901123,4.815309797014509,13.949999809265137,14.19336005619594,14.433133738381523
2023-06-29,31.030000686645508,0.4532253148699761,1,30.97428594316755,30.336887495858328,74.33999633789062,74.27428545270648,74.44428525652204,4.850500106811523,4.790733882359096,4.810195514133999,14.640000343322754,14.197767393929619,14.437462670462471
2023-06-30,29.530000686645508,-4.834031475370093,0,30.64285741533552,30.380714416503906,74.9000015258789,73.95714242117745,74.45214244297573,4.855599880218506,4.800205298832485,4.808602639607021,14.609999656677246,14.210640498570033,14.425480229513985
2023-07-03,30.079999923706055,1.862510072034218,1,30.44714300973075,30.467857224600657,74.6500015258789,74.02999986921039,74.6528570992606,4.784200191497803,4.803333895547049,4.803145510809762,14.930000305175781,14.33156953539167,14.456899302346367
2023-07-05,30.110000610351562,0.09973632553723633,1,30.341428756713867,30.52285725729806,76.6500015258789,74.43000030517578,74.82142857142857,4.839900016784668,4.8163572038922995,4.80103121485029,14.729999542236328,14.506378037588936,14.441581930433001
2023-07-06,29.649999618530273,-1.5277349136391116,0,30.20571436200823,30.52357155936105,76.5199966430664,74.76428549630302,75.05857140677315,4.8471999168396,4.827771459306989,4.80374550819397,14.180000305175781,14.539999961853027,14.418721130916051
2023-07-07,29.5,-0.5059009121758273,0,30.007143020629883,30.457857268197195,78.47000122070312,75.65142822265625,75.25857162475586,4.918700218200684,4.843228612627302,4.811724083764212,14.359999656677246,14.598571368626185,14.395965712411064
2023-07-10,29.549999237060547,0.16948893918828922,1,29.795714242117747,30.38500009264265,77.69000244140625,76.17428588867188,75.33571461268834,4.8709001541137695,4.846142905099051,4.818438393729074,14.079999923706055,14.518571308680944,14.35816935130528
2023-07-11,29.149999618530273,-1.3536366458805515,0,29.74142837524414,30.19214289528983,79.4000015258789,76.8971437726702,75.58571461268834,4.898200035095215,4.85222864151001,4.826216970171247,13.930000305175781,14.421428544180733,14.316034521375384
2023-07-12,29.170000076293945,0.06861220591907191,1,29.61142839704241,30.02928570338658,80.11000061035156,77.6414293561663,75.79928588867188,4.851500034332275,4.861842904772077,4.832588400159564,14.25,14.324285643441337,14.327927589416504
2023-07-13,29.6299991607666,1.5769594901252404,1,29.537142617361887,29.991428511483328,81.36000061035156,78.6000006539481,76.31500026157924,4.81689977645874,4.86332859311785,4.835957186562674,14.5600004196167,14.298571450369698,14.345669678279332
2023-07-14,29.049999237060547,-1.9574753295100944,0,29.385713849748885,29.863571303231375,79.87000274658203,79.06000082833427,76.74500056675502,4.7947998046875,4.856885705675397,4.836621454783848,14.449999809265137,14.25857148851667,14.382474763052803
2023-07-17,28.989999771118164,-0.20653861452030187,0,29.29142815726144,29.748571259634836,78.5,79.34285845075335,77.05357197352818,4.788099765777588,4.848442826952253,4.838107143129621,14.59000015258789,14.31714289528983,14.428571428571429
